Python开发工程师,117
Python工程师,39
Python 开发工程师,26
Python实习生,13
Python服务器工程师-小米电视,13
Python测试开发工程师,13
python开发工程师(Odoo),13
python 开发工程师,13
Python工程师（NO.测服1703）,13
python/django开发工程师,13
python讲师(000554),13
Python开发工程师（风控方向）,13
Python高级开发工程师,13
Python开发工程师-上海-01107,13
python讲师,13
Python高级开发工程师--长期有效,13
PHP/Python ERP软件开发工程师,13
Python开发初级,13
运维开发工程师（Python开发）,13
python后台开发工程师,13
Python工程师（爬虫方向）+包住宿+周末双休+五险一金,13
Python开发,13
初级Python开发工程师,13
Python后端工程师,13
技术总监 （大数据、数据挖掘/java/python）,13
高级 Python 工程师,13
Python服务端高级开发工程师,13
Python高级工程师,13
python开发工程师,13
python web 开发工程师,13
Python Developer,13
(加急)python开发工程师(有2年java经验优先),13
python开发,13
双休高级爬虫工程师Java程序员python高级开发工程师,13
python研发工程师,13
HY2-监控系统开发工程师-Python（深圳）,13
Python爬虫开发工程师,13
运维工程师（python方向）,13
中高级python开发工程师,13
