、,6293
 ,5448
，,5396
"
",4733
：,3264
的,3238
；,3225
开发,2146
有,1613
熟悉,1483
.,1483
和,1379
2,1301
。,1262
经验,1249
"
",1236
1,1171
等,1054
3,1028
能力,898
工程师,885
工作,872
Python,846
4,833
职位,833
/,781
描述,768
要求,690
负责,690
职能,651
类别,651
软件,612
5,586
技术,547
优先,547
使用,547
及,534
系统,534
路,495
良好,482
相关,469
框架,469
年,456
python,456
数据库,456
",",430
团队,430
分析,430
熟练,430
精通,417
项目,417
设计,404
语言,404
学习,391
任职,391
软件开发,378
以上,365
关键字,352
参与,352
编程,352
Linux,352
或,339
（,326
数据,313
对,313
）,313
沟通,313
平台,300
了解,300
并,287
以上学历,287
公司,287
-,274
产品,274
进行,274
6,274
与,274
维护,261
代码,261
掌握,248
具备,248
能,248
高级,248
web,248
Django,235
岗位职责,235
应用,235
者,222
互联网,222
基础,222
自动化,222
算法,222
我们,222
专业,209
;,209
优化,196
运维,196
架构,196
编写,196
你,196
岗位,183
其他,183
需求,183
常用,183
测试,183
具有,183
能够,183
工具,183
Flask,170
解决,170
Web,170
研发,170
网络,170
文档,170
爬虫,170
mysql,170
熟练掌握,170
服务,157
本科,157
7,157
合作,157
完成,157
MySQL,157
较强,157
根据,157
！,157
强,144
一定,144
善于,144
问题,144
习惯,144
管理,144
+,131
前端,131
精神,131
职责,131
新,131
后台,131
8,131
或者,131
解决问题,118
流程,118
研究,118
计算机相关,118
数据分析,118
责任心,118
模块,118
知识,118
部署,118
一种,118
如,118
培训,118
型,105
强烈,105
节日,105
扎实,105
Redis,105
大数据,105
操作系统,105
功能,105
热爱,105
快速,105
关系,92
意识,92
业务,92
数据挖掘,92
至少,92
数据结构,92
想,92
协作,92
大专,92
协助,92
环境,92
处理,92
考虑,92
资格,92
压力,92
行业,92
后端,92
HTML,92
地点,92
计算机,92
假,92
CSS,92
周末,92
双休,92
积极主动,92
独立,92
JavaScript,79
实施,79
MongoDB,79
背景,79
过,79
主流,79
各种,79
方面,79
提供,79
员工,79
以及,79
游戏,79
redis,79
带薪,79
 ,79
快线,79
django,79
编码,79
云,79
分,79
质量,79
福利,79
),79
数据处理,66
加,66
薪资,66
规范,66
一个,66
思想,66
机器,66
Tornado,66
HTML5,66
tornado,66
两年,66
监控,66
ERP,66
Perl,66
脚本,66
服务端,66
需要,66
中,66
调优,66
网站,66
实际,66
逻辑,66
主要职责,66
如果,66
提升,66
故障,66
linux,66
java,66
Java,66
设计师,66
抓取,66
乐于,66
规划,66
Odoo,66
奖金,66
个人,66
基于,66
(,66
面向对象,53
三年,53
号,53
API,53
撰写,53
客户,53
C,53
自主,53
丰富,53
附近,53
结构,53
安全,53
DNS,53
承受,53
多线程,53
左右,53
PostgreSQL,53
会,53
架构设计,53
协议,53
原理,53
持续,53
技术支持,53
任务,53
模型,53
配置,53
全日制,53
在,53
调试,53
核心,53
理解,53
号线,53
决策,53
基本,53
带领,53
办公,53
程序开发,53
开源,53
年薪,53
实现,53
信息,53
常见,53
可,53
9,53
b5,53
b6,53
b7,53
自己,53
指导,53
支持,53
生日派对,53
方案,53
为,53
责任感,53
主动,53
Mongodb,53
传统,53
操作,53
c#,53
不,53
时间,53
提高,53
改进,53
利用,53
NoSQL,40
服务器,40
针对,40
是,40
上,40
清晰,40
上进心,40
CSS3,40
OpenERP,40
完善,40
硬性,40
路线,40
搭建,40
表达能力,40
解决方案,40
Oracle,40
Unix,40
统招,40
思考,40
并发,40
天,40
本科学历,40
类,40
部门,40
内核,40
策略,40
智能,40
结果,40
发现,40
标准,40
Memcache,40
git,40
高质量,40
性能,40
采集,40
技能,40
零,40
比如,40
【,40
flask,40
工作制,40
HTTP,40
自我,40
实习,40
发展,40
】,40
内容,40
二次开发,40
包括,40
设计模式,40
清洗,40
生物,40
去,40
都,40
还,40
做,40
运用,40
优秀,40
空间,40
补贴,40
通过,40
统计,40
个,40
？,40
公司地址,40
网页,40
银行,40
配置管理,40
挖掘,40
PHP,40
出口,40
存储,40
c,40
可以,40
nginx,40
:,40
交流,40
经历,40
以,40
人,40
海量,40
思维,40
shell,40
接口,40
宝贵,40
共同,40
地铁,40
此,40
内部,40
Scrapy,40
多,40
SQL,40
下,40
*,40
新生,27
计划,27
@,27
弹性,27
休息室,27
10W,27
机制,27
dns,27
9W,27
主要,27
有加,27
win7,27
改变,27
不同,27
......,27
便捷,27
库,27
祝福,27
模式,27
所,27
病假,27
已有,27
冗余,27
面试,27
法定,27
开发者,27
好,27
计算,27
探索,27
大,27
参数,27
公交,27
过生日,27
统计学,27
东,27
前端开发,27
拥有,27
礼品,27
院校,27
功底,27
小时,27
其中,27
com,27
上岗,27
英文,27
也,27
分布式计算,27
丧假,27
bugzilla,27
分布式系统,27
上级领导,27
明居下,27
前后,27
东路,27
福利待遇,27
承担,27
富于,27
程序,27
H5,27
以表,27
倾听,27
口及,27
语言表达,27
浜,27
各项,27
Windows,27
命令,27
原生,27
贺礼,27
informix,27
Javascript,27
Socket,27
HBase,27
设有,27
驱动,27
金融,27
五险,27
广州市,27
用,27
式,27
休息,27
增添,27
进步,27
配合,27
控制台,27
推动,27
乘车,27
梦想,27
社会保险,27
JQuery,27
建立,27
考核,27
体系,27
编程语言,27
较,27
联系,27
月,27
贝叶斯,27
11,27
10,27
月工资,27
招聘,27
世界,27
移动,27
逻辑性,27
转坐,27
佳节,27
ElasticSearch,27
旅游,27
b4a,27
b4b,27
PMTS,27
测试工具,27
硬件,27
微波炉,27
市场,27
js,27
平均,27
丰厚,27
reviewboard,27
天朗,27
6W,27
评估,27
音频,27
Sqlalchemy,27
室,27
及其,27
组件,27
IT,27
构成,27
RabbitMQ,27
合理,27
底层,27
限,27
敏捷,27
无需,27
Ruby,27
二年,27
气氛,27
工资,27
御富,27
地理位置,27
测试环境,27
派发,27
不断,27
专业本科,27
心声,27
b27,27
b22,27
b20,27
更佳,27
流行,27
说明,27
控制,27
价值,27
作为,27
其它,27
钻研,27
SH,27
即可,27
解析,27
css,27
比较,27
各,27
什么,27
电商,27
Nginx,27
应用程序,27
b3c,27
逻辑思维,27
休息时间,27
storm,27
邮箱,27
运行,27
放松,27
18W,27
整合,27
jquery,27
很,27
等等,27
测试用例,27
JS,27
阅读,27
知道,27
财务,27
确定,27
制定,27
x,27
TCP,27
立即,27
地铁站,27
py,27
Ajax,27
深度,27
文本处理,27
数据系统,27
园,27
保证,27
率低,27
生活,27
职员,27
≥,27
内,27
让,27
阿里,27
近,27
提出,27
b2a,27
b1,27
b2,27
b3,27
天河区,27
设备,27
当然,27
等待,27
加入,27
可视化,27
着,27
定期,27
动力,27
任何,27
应届生,27
b16,27
b17,27
国内外,27
当年,27
态度,27
微信,27
技术开发,27
进程,27
棠,27
具体,27
岗位津贴,27
相信,27
协程,27
饮水机,27
MVC,27
公交站,27
b4,27
服务器端,27
Hive,27
大学,27
竞争力,27
评审,27
科贸,27
如下,27
力,27
到,27
执行,27
效果,27
产假,27
微,27
优越,27
常用命令,27
不会,27
第三方,27
C++,27
一金,27
环境优美,27
肇嘉,27
节假日,27
人员,27
Mysql,27
加班,27
有过,27
机会,27
方法,27
程序代码,27
db2,27
端,27
预研,27
关怀,27
您,27
聚类,27
决策树,27
命名,27
>,27
婚,27
自学能力,27
深刻理解,27
手机游戏,27
重视,27
到来,27
晋升,27
功能模块,27
销售额,27
较好,27
高,27
socket,27
车陂,27
体检,27
数学,27
学历,27
bug,27
基本工资,27
浏览器,27
激情,27
年终奖,27
OOP,27
Agile,14
年限,14
字典,14
postgreSQL,14
爬取,14
Redhat,14
HIVE,14
SqlAlchemy,14
可用性,14
审核,14
报表,14
管理系统,14
分析方法,14
规范化,14
明确,14
不用,14
雇员,14
全勤,14
详细,14
信息提取,14
本科毕业,14
一次,14
Gunicorn,14
主观,14
Postgresql,14
修复,14
案例,14
为佳,14
以下,14
ORM,14
简化,14
圣诞节,14
A,14
几,14
bootstrap,14
靠近,14
lunux,14
实时处理,14
管理工具,14
Http,14
遇到,14
玩游戏,14
改造,14
pyQt,14
及库,14
公众,14
媒体,14
APP,14
debug,14
knockout,14
对大,14
新型,14
网络通讯,14
部分,14
gunicorn,14
往届,14
抱负,14
全部,14
Supervisor,14
青年,14
训练,14
待遇,14
中秋节,14
service,14
买手机,14
实习生,14
B,14
懂得,14
测试报告,14
Code,14
接受者,14
集群,14
各类,14
额外,14
技术难题,14
徐汇区,14
学会,14
成熟,14
舒适,14
优势,14
应用软件,14
企业,14
佳,14
tech,14
Hadoop,14
那,14
周期,14
级,14
WEB,14
指标,14
日常,14
Mongdb,14
不再,14
深,14
能过,14
万,14
说明书,14
状态,14
勤于思考,14
想法,14
原始,14
Sqlserver,14
Nagios,14
方向,14
一份,14
pactera,14
层面,14
执着,14
numpy,14
实战,14
DB,14
nodejs,14
同步,14
自身,14
获得,14
有百,14
谱,14
不停,14
HPC,14
期权,14
说,14
803,14
801,14
807,14
勇于探索,14
同,14
手机,14
北京,14
保驾护航,14
Cacti,14
但,14
及运维,14
成员,14
sunyue,14
网关,14
方案设计,14
没有,14
PTA,14
Facebook,14
稳健,14
午餐,14
培养,14
postgresql,14
Centos,14
报告,14
分项,14
人民币,14
开发新,14
客户端程序,14
打造,14
带,14
Ubuntu,14
SaltStack,14
系数,14
Tornad,14
进,14
靠,14
呢,14
Ngnix,14
近两年,14
一起,14
文字,14
哪,14
了,14
看,14
抗压,14
流式,14
golang,14
动手,14
博雅,14
Zabbix,14
不到,14
sql,14
15k,14
整体,14
Nutch,14
认真负责,14
交办,14
相应,14
年终,14
CMS,14
联网,14
中长期,14
全勤奖,14
优美,14
同时,14
DSJ,14
单元测试,14
博客,14
创新,14
可行性,14
共性,14
并行程序,14
流量,14
意愿,14
国庆节,14
Flask4,14
持股,14
桌面开发,14
入库,14
事宜,14
mongo,14
灵云,14
REST,14
提交,14
索引,14
结论,14
产品设计,14
灵活,14
构架,14
产品开发,14
新技能,14
发,14
万圣节,14
存档,14
教育,14
原型,14
绝对,14
实践,14
春节,14
大规模,14
而定,14
儿童节,14
重组,14
App,14
网络协议,14
楼宇,14
交通,14
有大,14
管控,14
交换机,14
siza,14
中间件,14
发布,14
济南,14
讨论,14
拟写,14
UDP,14
比较复杂,14
直播,14
极强,14
分销,14
工作量,14
给出,14
找到,14
沟通交流,14
作品,14
乘以,14
主持,14
序列,14
插件,14
有志,14
敏感,14
一应俱全,14
虚拟,14
密切配合,14
例如,14
折腾,14
驱动力,14
c++,14
postgresql5,14
直接,14
制作,14
最好,14
攻关,14
讲师,14
配置文件,14
流,14
单,14
spark,14
毕业,14
实训,14
不够,14
隶属,14
想不到,14
WebServer,14
重复,14
SO,14
再也,14
RESTful,14
Bug,14
稳定,14
社会性,14
庆祝,14
FinTech,14
童鞋,14
可靠,14
熟习,14
只,14
充分,14
必要,14
导入,14
DIV,14
html,14
IP,14
多多,14
列表,14
愿意,14
wxPython,14
211,14
RabbitMQ7,14
按量,14
视野,14
Git,14
缓存,14
适应能力,14
网络故障,14
SVM,14
AJAX,14
硕士,14
休闲吧,14
风险,14
turbogears,14
按,14
觉得,14
清楚,14
按照,14
Qualification,14
_,14
青年节,14
mongoDB,14
手游,14
理论,14
协调,14
预计,14
Sphinx,14
支持系统,14
Tornodo,14
基础知识,14
系统优化,14
相当于,14
放宽,14
亦可,14
健身房,14
他,14
方式,14
物,14
郑州,14
生命科学,14
如对,14
要,14
业务部门,14
跟进,14
咖啡吧,14
.....,14
且,14
条件,14
基数,14
总结,14
挂钩,14
黄浦区,14
顾家,14
音效,14
知名,14
Heritrix,14
Rest,14
远途,14
为线,14
现有,14
手写,14
5000,14
午休,14
团建,14
④,14
来,14
大牛,14
工作效率,14
踏实,14
大厦,14
能动性,14
自驱,14
服务平台,14
均衡,14
计算机专业,14
达到,14
再次,14
有志于,14
Spark,14
狂,14
网络设备,14
过年,14
跟踪,14
输出,14
而,14
Html,14
20,14
phantomjs,14
只有,14
主导,14
⑤,14
录取,14
⑨,14
一项,14
渴望,14
端午节,14
保证系统,14
手,14
完整,14
生物工程,14
积极进取,14
按质,14
页面,14
转行,14
必需,14
实践经验,14
twisted,14
计算机信息,14
表达,14
很快,14
构建,14
restful,14
展示,14
五洲,14
重构,14
py2exe,14
升级,14
RPC,14
RPG,14
不是,14
异步,14
Google,14
⑥,14
核心技术,14
串口,14
交代,14
产品质量,14
引擎,14
常见问题,14
Responsibility,14
①,14
通讯,14
参加,14
Mysql6,14
大四,14
开发技术,14
搜索,14
聚合,14
信息系统,14
表现,14
录用,14
休,14
2.7,14
寻求,14
keepalived,14
奋力,14
量化,14
javascript,14
情人节,14
上海,14
时,14
上海市,14
外派,14
将,14
不能,14
优良,14
对于,14
大型,14
XML,14
手动,14
多媒体,14
OthersPython,14
生物制药,14
SVN,14
过程,14
hadoop,14
LVS,14
安排,14
双薪,14
领域,14
排查,14
满足,14
②,14
无,14
欲望,14
openstack,14
难题,14
正面,14
生产,14
技术水平,14
OO,14
OA,14
任,14
OS,14
社交,14
广阔,14
离线,14
Lucene,14
odoo,14
提醒,14
喜欢,14
时光,14
需,14
假期,14
占用,14
生物医学,14
openerp,14
对系统,14
高强度,14
伙伴,14
两个,14
人士,14
用户,14
充裕,14
活动,14
③,14
活力,14
期间,14
主动性,14
程序设计,14
身体健康,14
扩展,14
设计方案,14
TK,14
pandas,14
规律,14
AI,14
mongodb,14
ORACLE,14
每年,14
有没有,14
资质,14
国际,14
实战经验,14
oracle,14
识别,14
对接,14
程序员,14
任性,14
总监,14
编号,14
希望,14
回归,14
理解能力,14
筛选,14
调研,14
看看,14
hive,14
追踪,14
挑战性,14
说走就走,14
中国,14
Python3,14
统一化,14
独立思考,14
个人成长,14
计算机网络,14
分布式,14
前段,14
api,14
FM,14
个性化,14
Solr,14
交付,14
从此,14
志同道合,14
请慎,14
测试数据,14
割,14
犹豫,14
一体化,14
学生,14
数据模型,14
项目经理,14
报警,14
并且,14
成,14
支付,14
Shell,14
防火墙,14
按时,14
建模,14
模板,14
非,14
技巧,14
SERVER,14
命令行,14
孤单,14
jQuery,14
没关系,14
生成,14
性,14
人工智能,14
千平方米,14
创造性,14
Linix,14
深入,14
追求,14
Review,14
好大,14
细心,14
容量,14
欢迎,14
营销,14
帮,14
说不完,14
风控,14
选型,14
R,14
附加,14
1.3,14
于,14
我,14
复杂,14
新人,14
爱,14
减少,14
标注,14
建议,14
自我管理,14
归纳,14
从,14
新一代,14
写作,14
经典,14
严密,14
智能家居,14
台,14
文本,14
放过,14
SQLServer,14
灵活运用,14
高度,14
严格要求,14
软件测试,14
岗前,14
XHTML,14
该,14
氛围,14
Ansible,14
必须,14
接受,14
劳动节,14
用户文档,14
Scrum,14
回家,14
由,14
毕业生,14
采购,14
向前,14
关联,14
MySql,14
专业知识,14
事业,14
投,14
没,14
目标,14
保持,14
趋势,14
语句,14
广州,14
⑦,14
活动区,14
管理员,14
~,14
响应,14
面向,14
肾,14
http,14
php,14
元旦,14
关,14
难点,14
营造,14
岗,14
前沿,14
T,14
CentOS,14
分析测试,14
Scala,14
985,14
安装,14
经理,14
稳定性,14
大三,14
大小,14
集成,14
haproxy,14
⑧,14
较大,14
调度,14
认真,14
定位,14
数字,14
薪酬,14
系统维护,14
探亲假,14
可读性,14
游艺室,14
运营,14
站,14
为准,14
积极,14
监管,14
薪金,14
源码,14
年销售额,14
某,14
关系数据库,14
梅林,14
负载,14
一门,14
年终奖金,14
